Station,Borough,2013,2014,2015,2016,2017,2018,change_2018_raw,change_2018_percent,2018 Rank
170 St ,Bronx,"2,961,575","2,941,958","3,045,205","3,038,777","2,785,331","2,562,443","-222,888",-8.00%,183
170 St ,Bronx,"2,174,082","2,297,459","2,286,670","2,317,558","2,270,027","2,454,974","184,947",8.10%,192
174 St ,Bronx,"2,301,756","2,374,812","2,313,651","2,411,413","2,334,317","2,056,692","-277,625",-11.90%,228
174-175 Sts,Bronx,"1,598,189","1,719,504","1,695,879","1,752,387","1,735,321","1,005,075","-730,246",-42.10%,352
176 St ,Bronx,"1,837,995","1,848,854","1,969,221","2,036,529","1,943,854","1,803,691","-140,163",-7.20%,258
182-183 Sts ,Bronx,"1,520,856","1,604,218","1,643,266","1,682,092","1,577,144","1,502,814","-74,330",-4.70%,293
183 St ,Bronx,"2,002,633","2,007,140","2,057,944","2,071,316","2,001,410","1,831,457","-169,953",-8.50%,255
219 St ,Bronx,"1,099,491","1,124,522","1,108,859","1,049,128","1,044,200","1,026,894","-17,306",-1.70%,348
225 St ,Bronx,"1,400,377","1,445,591","1,439,495","1,365,544","1,323,910","1,224,369","-99,541",-7.50%,326
231 St ,Bronx,"2,757,855","2,912,283","2,966,015","3,013,521","3,013,031","3,133,231","120,200",4.00%,158
233 St ,Bronx,"1,719,181","1,803,693","1,762,923","1,688,487","1,565,455","1,496,673","-68,782",-4.40%,296
238 St ,Bronx,"1,092,492","1,209,623","1,240,616","1,327,862","1,335,877","960,970","-374,907",-28.10%,362
3 Av-138 St ,Bronx,"2,443,326","2,534,036","2,531,974","2,509,085","2,515,479","2,451,972","-63,507",-2.50%,193
3 Av-149 St ,Bronx,"7,310,115","7,763,151","7,363,663","7,609,968","7,458,222","6,784,053","-674,169",-9.00%,58
Allerton Av ,Bronx,"1,747,352","1,829,712","1,821,628","1,733,740","1,678,247","1,603,702","-74,545",-4.40%,279
Baychester Av ,Bronx,"1,234,050","1,186,372","1,137,693","1,112,259","1,054,373","1,006,343","-48,030",-4.60%,351
Bedford Park Blvd ,Bronx,"2,040,887","2,136,860","2,196,065","2,240,256","2,220,298","1,984,267","-236,031",-10.60%,238
Bedford Park Blvd-Lehman College ,Bronx,"1,853,706","1,827,260","1,863,892","1,812,036","1,716,853","1,575,555","-141,298",-8.20%,281
Bronx Park East ,Bronx,"914,831","933,109","877,311","841,547","799,927","752,916","-47,011",-5.90%,384
Brook Av ,Bronx,"1,970,010","2,002,825","1,981,721","1,964,831","1,938,814","1,895,570","-43,244",-2.20%,248
Buhre Av ,Bronx,"1,111,659","637,600","661,527","1,048,776","1,094,122","1,110,307","16,185",1.50%,339
Burke Av ,Bronx,"1,133,298","1,158,787","1,139,826","1,099,582","1,064,119","997,617","-66,502",-6.20%,354
Burnside Av ,Bronx,"3,560,191","3,558,297","3,641,720","3,617,308","3,442,348","3,198,218","-244,130",-7.10%,155
Castle Hill Av ,Bronx,"1,756,879","1,491,030","2,174,412","2,100,194","2,071,819","2,000,084","-71,735",-3.50%,235
Cypress Av ,Bronx,"1,186,696","1,226,878","1,228,311","1,265,930","1,230,910","1,113,667","-117,243",-9.50%,338
East 143 St-St Mary's St ,Bronx,"273,895","279,012","298,462","313,386","285,667","301,240","15,573",5.50%,416
East 149 St ,Bronx,"1,457,795","1,460,311","1,479,241","1,518,946","1,531,045","1,508,022","-23,023",-1.50%,291
East 180 St ,Bronx,"2,152,570","2,445,421","2,368,031","2,518,622","2,589,024","2,249,646","-339,378",-13.10%,208
Eastchester-Dyre Av ,Bronx,"1,441,375","1,380,334","1,330,123","1,293,411","1,261,041","1,259,009","-2,032",-0.20%,321
Elder Av ,Bronx,"2,041,453","2,084,044","2,080,228","2,117,178","2,107,677","2,000,985","-106,692",-5.10%,234
Fordham Rd ,Bronx,"3,946,955","3,857,749","3,892,140","3,858,183","3,656,367","3,321,215","-335,152",-9.20%,147
Fordham Rd ,Bronx,"3,876,601","4,028,205","3,905,346","3,890,986","3,843,008","3,596,416","-246,592",-6.40%,134
Freeman St ,Bronx,"1,486,965","1,517,066","1,492,757","1,588,448","1,556,949","1,354,453","-202,496",-13.00%,314
Gun Hill Rd ,Bronx,"2,304,780","2,477,798","2,449,555","2,473,814","2,429,804","2,197,147","-232,657",-9.60%,215
Gun Hill Rd ,Bronx,"1,792,707","1,716,952","1,639,924","1,619,073","1,555,601","1,521,987","-33,614",-2.20%,288
Hunts Point Av ,Bronx,"3,158,343","3,138,131","3,305,563","3,269,585","3,243,725","3,216,569","-27,156",-0.80%,153
Intervale Av ,Bronx,"1,048,501","1,095,221","1,039,265","1,061,240","1,045,483","943,016","-102,467",-9.80%,366
Jackson Av ,Bronx,"1,686,061","1,753,555","1,731,638","1,802,193","1,794,781","1,597,307","-197,474",-11.00%,280
Kingsbridge Rd ,Bronx,"3,198,725","3,149,605","3,171,646","3,126,119","3,024,692","2,783,082","-241,610",-8.00%,173
Kingsbridge Rd ,Bronx,"2,390,749","2,562,374","2,530,782","2,566,076","2,589,970","2,475,107","-114,863",-4.40%,189
Longwood Av ,Bronx,"1,087,990","1,098,022","1,088,970","1,081,519","1,084,049","1,040,934","-43,115",-4.00%,344
Middletown Rd ,Bronx,"441,950","661,242","795,762","598,447","609,861","595,044","-14,817",-2.40%,398
Morris Park ,Bronx,"631,930","621,945","629,282","677,899","685,577","668,423","-17,154",-2.50%,389
Morrison Av-Soundview,Bronx,"2,096,942","2,125,383","2,097,203","2,135,920","2,125,767","1,988,053","-137,714",-6.50%,237
Mosholu Pkwy ,Bronx,"2,917,501","2,886,764","2,891,451","2,836,370","2,695,090","2,531,607","-163,483",-6.10%,185
Mt Eden Av ,Bronx,"1,848,483","1,824,861","1,844,131","1,824,478","1,708,790","1,652,407","-56,383",-3.30%,272
Nereid Av ,Bronx,"1,195,804","1,183,733","1,162,973","1,131,328","1,085,289","1,034,335","-50,954",-4.70%,345
Norwood-205 St ,Bronx,"2,569,581","2,709,761","2,750,124","2,805,984","2,723,506","2,611,874","-111,632",-4.10%,180
Parkchester,Bronx,"5,215,409","5,586,943","5,224,959","5,201,901","5,071,740","4,836,244","-235,496",-4.60%,93
Pelham Bay Park ,Bronx,"2,096,130","2,318,533","2,337,689","2,208,725","2,207,720","2,146,552","-61,168",-2.80%,219
Pelham Pkwy ,Bronx,"3,028,494","3,084,862","3,066,190","2,955,589","2,849,210","2,639,586","-209,624",-7.40%,178
Pelham Pkwy ,Bronx,"919,689","907,735","894,727","897,374","869,177","844,884","-24,293",-2.80%,373
Prospect Av ,Bronx,"2,311,798","2,445,131","2,394,820","2,513,169","2,413,743","2,142,697","-271,046",-11.20%,220
Simpson St ,Bronx,"3,027,856","3,121,036","3,048,014","3,046,838","2,965,807","2,585,974","-379,833",-12.80%,182
St Lawrence Av ,Bronx,"1,280,074","1,315,456","1,320,571","1,329,758","1,334,387","1,273,609","-60,778",-4.60%,320
Tremont Av ,Bronx,"2,952,385","3,130,848","3,155,197","3,213,396","3,154,608","3,246,064","91,456",2.90%,152
Van Cortlandt Park-242 St ,Bronx,"2,148,667","2,188,428","2,266,986","2,294,482","2,249,314","2,333,136","83,822",3.70%,199
Wakefield-241 St,Bronx,"1,528,793","1,669,608","1,654,707","1,662,337","1,578,125","1,484,478","-93,647",-5.90%,298
West Farms Sq-East Tremont Av ,Bronx,"2,514,240","2,567,773","2,437,882","2,465,907","2,388,659","2,094,751","-293,908",-12.30%,225
Westchester Sq-East Tremont Av ,Bronx,"2,043,649","2,177,402","2,056,555","1,952,473","1,917,007","1,817,925","-99,082",-5.20%,256
Whitlock Av ,Bronx,"534,489","543,798","545,079","571,352","595,385","592,103","-3,282",-0.60%,399
Woodlawn ,Bronx,"2,423,278","2,375,663","2,418,890","2,380,900","2,242,100","2,160,859","-81,241",-3.60%,217
Zerega Av,Bronx,"985,388","599,478","492,883","784,314","799,739","792,928","-6,811",-0.90%,380
15 St-Prospect Park,Brooklyn,"2,005,424","2,017,347","2,011,237","1,958,444","1,917,454","1,867,619","-49,835",-2.60%,252
18 Av ,Brooklyn,"1,954,729","1,996,205","1,925,239","2,003,777","1,948,610","1,909,554","-39,056",-2.00%,245
18 Av ,Brooklyn,"1,313,344","1,277,024","1,392,552","1,344,286","1,281,041","1,163,390","-117,651",-9.20%,330
18 Av ,Brooklyn,"1,641,928","1,775,695","1,784,992","723,187","992,834","981,261","-11,573",-1.20%,358
20 Av ,Brooklyn,"1,547,029","1,564,060","1,592,525","1,656,437","1,579,804","1,534,396","-45,408",-2.90%,287
20 Av ,Brooklyn,"1,286,961","1,305,487","1,279,525","409,416","664,120","1,075,077","410,957",61.90%,340
25 Av ,Brooklyn,"1,421,090","1,488,192","1,508,412","1,992,945","1,789,365","1,571,134","-218,231",-12.20%,282
25 St ,Brooklyn,"1,218,842","1,274,939","1,221,949","1,188,884","1,373,521","1,149,469","-224,052",-16.30%,333
36 St ,Brooklyn,"3,826,400","3,970,318","4,138,929","4,235,509","4,543,305","4,293,364","-249,941",-5.50%,109
4 Av ,Brooklyn,"4,210,873","4,120,946","4,199,208","4,138,758","4,323,467","3,906,028","-417,439",-9.70%,122
45 St ,Brooklyn,"2,251,217","2,323,521","2,321,241","2,228,315","2,390,684","2,251,921","-138,763",-5.80%,207
50 St ,Brooklyn,"1,021,409","1,009,971","968,612","1,012,356","986,060","965,643","-20,417",-2.10%,361
53 St ,Brooklyn,"2,387,370","2,405,353","2,374,338","2,334,471","1,187,907","2,378,056","1,190,149",100.20%,196
55 St ,Brooklyn,"601,931","603,320","595,157","665,488","632,198","650,590","18,392",2.90%,392
59 St ,Brooklyn,"3,968,334","4,094,658","4,158,863","4,169,280","5,326,789","3,998,207","-1,328,582",-24.90%,120
7 Av ,Brooklyn,"2,905,400","2,932,926","2,980,366","2,943,272","3,236,816","3,126,475","-110,341",-3.40%,159
7 Av ,Brooklyn,"3,904,986","3,886,594","3,780,126","3,700,321","3,623,053","3,572,223","-50,830",-1.40%,135
71 St ,Brooklyn,"1,446,020","1,481,633","1,487,929","2,029,479","1,854,361","1,746,966","-107,395",-5.80%,265
77 St ,Brooklyn,"1,645,262","1,711,410","1,723,178","1,743,795","1,980,011","1,676,402","-303,609",-15.30%,270
79 St ,Brooklyn,"1,949,861","2,041,896","2,043,471","2,137,349","2,032,937","1,901,043","-131,894",-6.50%,247
8 Av ,Brooklyn,"3,677,764","3,851,372","3,796,909","4,586,559","4,088,721","3,700,661","-388,060",-9.50%,129
86 St ,Brooklyn,"801,109","837,472","859,293","419,039","494,456","609,555","115,099",23.30%,397
86 St ,Brooklyn,"3,662,602","3,753,132","3,747,601","3,752,400","3,516,712","3,470,741","-45,971",-1.30%,140
9 Av ,Brooklyn,"1,896,942","1,938,987","1,843,944","1,858,368","1,737,192","1,667,200","-69,992",-4.00%,271
Alabama Av ,Brooklyn,"770,075","784,998","814,578","834,945","755,935","652,030","-103,905",-13.70%,391
Atlantic Av ,Brooklyn,"482,835","535,041","422,505","436,300","557,103","559,411","2,308",0.40%,401
Atlantic Av-Barclays Ctr ,Brooklyn,"13,122,876","13,617,153","13,690,678","13,818,168","13,571,093","13,807,282","236,189",1.70%,19
Avenue H ,Brooklyn,"875,106","896,279","899,662","952,855","1,006,747","1,034,018","27,271",2.70%,346
Avenue I ,Brooklyn,"699,582","696,140","672,710","585,217","326,469","326,005",-464,-0.10%,414
Avenue J ,Brooklyn,"1,867,576","1,850,087","1,848,674","1,867,727","1,912,497","1,878,547","-33,950",-1.80%,251
Avenue M ,Brooklyn,"1,730,576","1,731,955","1,733,583","1,776,762","1,828,941","1,808,189","-20,752",-1.10%,257
Avenue N ,Brooklyn,"1,044,429","1,050,916","1,027,713","941,921","643,200","612,201","-30,999",-4.80%,396
Avenue P ,Brooklyn,"861,095","864,424","858,733","809,816","534,727","509,036","-25,691",-4.80%,408
Avenue U ,Brooklyn,"717,486","699,414","716,715","772,331","373,322","310,821","-62,501",-16.70%,415
Avenue U ,Brooklyn,"1,211,062","1,251,276","1,253,349","456,533","734,714","830,278","95,564",13.00%,375
Avenue U ,Brooklyn,"2,176,073","2,175,035","2,231,577","2,332,985","2,360,833","2,329,614","-31,219",-1.30%,200
Avenue X ,Brooklyn,"908,520","892,170","589,962","727,220","738,274","775,436","37,162",5.00%,381
Bay 50 St ,Brooklyn,"847,843","884,302","872,953","972,937","900,508","826,074","-74,434",-8.30%,376
Bay Pkwy ,Brooklyn,"2,298,420","2,362,284","2,368,617","2,578,524","2,502,105","2,435,949","-66,156",-2.60%,195
Bay Pkwy ,Brooklyn,"487,308","478,322","460,536","406,793","214,153","188,225","-25,928",-12.10%,421
Bay Pkwy ,Brooklyn,"2,243,082","2,342,792","2,298,369","3,435,240","2,950,253","2,266,916","-683,337",-23.20%,203
Bay Ridge Av ,Brooklyn,"2,525,470","2,597,559","2,623,309","2,622,438","1,282,256","2,228,497","946,241",73.80%,211
Bay Ridge-95 St ,Brooklyn,"1,830,193","1,858,200","1,865,038","1,853,049","1,755,379","1,739,178","-16,201",-0.90%,267
Bedford Av ,Brooklyn,"9,214,395","9,892,516","9,388,289","9,688,560","9,644,831","9,053,980","-590,851",-6.10%,33
Bedford-Nostrand Avs ,Brooklyn,"2,348,998","2,513,681","2,634,066","2,697,942","2,779,124","2,774,993","-4,131",-0.10%,174
Bergen St ,Brooklyn,"1,296,199","1,236,513","1,210,571","1,231,084","1,180,684","1,140,677","-40,007",-3.40%,334
Bergen St ,Brooklyn,"3,650,848","3,711,317","3,708,300","3,599,389","3,525,144","3,478,946","-46,198",-1.30%,139
Beverley Rd ,Brooklyn,"737,652","838,970","899,663","953,903","1,038,252","1,060,568","22,316",2.10%,343
Beverly Rd ,Brooklyn,"1,364,573","1,360,719","1,392,643","1,379,958","1,348,244","1,307,405","-40,839",-3.00%,316
Brighton Beach ,Brooklyn,"3,810,743","3,872,092","4,014,831","4,044,514","3,957,811","3,778,194","-179,617",-4.50%,128
Broadway ,Brooklyn,"1,071,877","1,124,407","1,313,362","1,397,227","1,385,797","1,402,102","16,305",1.20%,307
Broadway Junction ,Brooklyn,"2,948,156","3,018,656","3,133,658","3,085,401","2,911,532","2,810,636","-100,896",-3.50%,171
Bushwick Av-Aberdeen St ,Brooklyn,"490,042","563,577","598,393","672,880","682,086","671,545","-10,541",-1.50%,387
Canarsie-Rockaway Pkwy ,Brooklyn,"4,062,690","4,175,970","4,024,313","3,897,784","3,828,628","3,598,843","-229,785",-6.00%,133
Carroll St ,Brooklyn,"3,782,675","3,616,947","3,672,702","3,563,150","3,537,661","3,490,924","-46,737",-1.30%,138
Central Av ,Brooklyn,"505,757","970,531","1,141,731","1,158,274","539,681","725,022","185,341",34.30%,386
Chauncey St ,Brooklyn,"938,803","959,091","1,045,698","1,092,483","1,095,638","1,063,828","-31,810",-2.90%,341
Church Av ,Brooklyn,"3,059,215","3,020,066","3,070,551","3,027,658","2,916,680","2,818,535","-98,145",-3.40%,170
Church Av ,Brooklyn,"5,603,898","5,482,093","5,707,573","5,438,775","5,455,527","5,161,293","-294,234",-5.40%,82
Church Av ,Brooklyn,"3,193,844","3,201,585","3,353,795","3,315,387","3,148,411","3,099,383","-49,028",-1.60%,160
Clark St ,Brooklyn,"1,972,314","2,018,876","1,997,148","2,000,024","1,631,139","1,550,414","-80,725",-4.90%,283
Classon Av ,Brooklyn,"1,432,872","1,477,256","1,604,508","1,581,663","1,585,121","1,649,340","64,219",4.10%,273
Cleveland St ,Brooklyn,"1,050,261","1,107,397","1,120,403","1,104,683","1,011,734","901,928","-109,806",-10.90%,368
Clinton-Washington Avs ,Brooklyn,"2,104,035","2,077,312","2,060,200","2,152,345","2,201,880","2,178,439","-23,441",-1.10%,216
Clinton-Washington Avs ,Brooklyn,"1,678,004","1,652,336","1,716,023","1,656,058","1,551,042","1,534,802","-16,240",-1.00%,286
Coney Island-Stillwell Av ,Brooklyn,"4,690,794","4,980,140","5,132,083","5,025,598","4,803,755","4,615,664","-188,091",-3.90%,100
Cortelyou Rd ,Brooklyn,"1,700,177","1,806,758","1,961,144","1,978,254","2,028,859","1,994,734","-34,125",-1.70%,236
Court St ,Brooklyn,"11,291,705","11,474,717","11,360,058","11,080,334","10,693,598","10,364,534","-329,064",-3.10%,28
Crescent St ,Brooklyn,"1,509,290","1,583,134","1,626,727","1,617,730","1,570,485","1,467,166","-103,319",-6.60%,299
Crown Heights-Utica Av ,Brooklyn,"8,534,705","8,690,082","8,965,908","9,051,970","8,954,499","7,920,192","-1,034,307",-11.60%,46
Cypress Hills ,Brooklyn,"432,557","450,480","452,936","462,143","435,855","411,331","-24,524",-5.60%,411
DeKalb Av ,Brooklyn,"5,223,608","5,288,037","5,373,388","5,640,329","6,551,184","6,776,248","225,064",3.40%,59
DeKalb Av ,Brooklyn,"3,712,102","3,924,836","3,938,538","4,017,076","4,171,610","4,000,252","-171,358",-4.10%,119
Ditmas Av ,Brooklyn,"1,455,737","1,437,835","1,033,946","1,055,185","1,137,998","1,149,528","11,530",1.00%,332
East 105 St ,Brooklyn,"1,161,688","1,197,125","1,187,844","1,201,578","1,201,452","1,139,556","-61,896",-5.20%,335
Eastern Pkwy-Brooklyn Museum ,Brooklyn,"1,674,856","1,665,524","1,676,659","1,585,048","1,530,635","1,544,013","13,378",0.90%,284
Euclid Av ,Brooklyn,"3,323,235","3,315,007","3,509,500","3,458,027","3,415,739","3,174,827","-240,912",-7.10%,157
Flatbush Av-Brooklyn College ,Brooklyn,"6,562,226","6,447,908","6,487,608","6,321,530","6,107,780","5,822,873","-284,907",-4.70%,73
Flushing Av ,Brooklyn,"728,668","808,421","866,803","877,269","849,840","874,498","24,658",2.90%,370
Flushing Av ,Brooklyn,"2,869,903","2,847,691","2,991,074","2,894,033","2,764,583","2,537,390","-227,193",-8.20%,184
Fort Hamilton Pkwy ,Brooklyn,"1,240,644","1,317,172","1,297,755","1,349,733","1,273,516","1,191,580","-81,936",-6.40%,328
Fort Hamilton Pkwy ,Brooklyn,"1,688,093","1,729,381","1,792,239","1,845,401","1,786,458","1,765,887","-20,571",-1.20%,261
Fort Hamilton Pkwy ,Brooklyn,"2,200,487","2,278,120","2,164,028","554,051","988,664","969,878","-18,786",-1.90%,359
Franklin Av ,Brooklyn,"5,125,782","5,377,967","5,100,038","5,010,984","4,762,184","4,604,219","-157,965",-3.30%,101
Franklin Av ,Brooklyn,"2,049,246","2,125,076","2,137,752","2,056,281","2,058,258","2,051,171","-7,087",-0.30%,229
Fulton St ,Brooklyn,"1,394,890","1,485,669","1,643,353","1,639,930","1,698,778","1,745,439","46,661",2.70%,266
Gates Av ,Brooklyn,"1,895,878","1,984,486","2,100,864","2,117,787","2,262,915","2,234,908","-28,007",-1.20%,210
Graham Av ,Brooklyn,"3,179,579","3,402,514","3,293,413","3,324,292","3,299,951","3,093,428","-206,523",-6.30%,161
Grand Army Plaza ,Brooklyn,"2,556,750","2,505,721","2,433,907","2,425,948","2,265,097","2,228,173","-36,924",-1.60%,212
Grand St ,Brooklyn,"2,260,023","2,414,872","2,242,757","2,174,128","2,256,349","2,126,443","-129,906",-5.80%,222
Grant Av ,Brooklyn,"1,958,503","2,041,848","2,084,651","2,170,567","1,950,109","1,842,974","-107,135",-5.50%,254
Greenpoint Av ,Brooklyn,"2,543,568","2,428,027","2,902,723","2,951,454","2,934,770","2,859,047","-75,723",-2.60%,167
Halsey St ,Brooklyn,"1,845,755","1,968,526","2,083,683","2,101,350","2,131,177","2,059,030","-72,147",-3.40%,227
Halsey St ,Brooklyn,"2,317,512","2,492,974","2,465,693","2,629,576","2,776,078","2,625,255","-150,823",-5.40%,179
Hewes St ,Brooklyn,"927,212","903,641","981,379","913,179","894,671","893,262","-1,409",-0.20%,369
High St ,Brooklyn,"2,441,136","2,687,244","2,656,705","2,536,059","2,983,672","3,463,611","479,939",16.10%,141
Hoyt St ,Brooklyn,"2,033,085","2,181,465","2,249,892","2,356,001","2,137,478","1,982,208","-155,270",-7.30%,239
Hoyt-Schermerhorn Sts ,Brooklyn,"2,971,379","2,961,316","3,038,302","3,082,398","3,264,293","3,370,038","105,745",3.20%,144
Jay St-MetroTech ,Brooklyn,"11,793,956","12,197,352","12,765,132","13,091,255","13,007,176","12,504,027","-503,149",-3.90%,23
Jefferson St ,Brooklyn,"2,136,772","2,425,983","2,514,292","2,563,505","2,566,772","2,515,861","-50,911",-2.00%,187
Junius St ,Brooklyn,"690,625","727,369","928,235","681,935","298,119","620,548","322,429",108.20%,395
Kings Hwy ,Brooklyn,"5,697,467","5,693,562","5,905,481","6,014,920","6,040,256","5,895,421","-144,835",-2.40%,72
Kings Hwy ,Brooklyn,"1,134,042","1,137,784","1,202,640","1,398,753","1,531,332","1,356,085","-175,247",-11.40%,313
Kings Hwy ,Brooklyn,"1,630,749","1,687,226","1,710,115","475,763","910,558","1,032,541","121,983",13.40%,347
Kingston Av ,Brooklyn,"1,545,567","1,564,089","1,573,003","1,560,437","1,474,988","1,443,692","-31,296",-2.10%,303
Kingston-Throop Avs ,Brooklyn,"1,834,623","1,887,628","1,992,480","2,031,710","2,085,536","2,099,891","14,355",0.70%,223
Knickerbocker Av ,Brooklyn,"1,018,286","1,147,331","1,288,025","1,288,438","593,366","772,085","178,719",30.10%,382
Kosciuszko St ,Brooklyn,"1,515,244","1,521,002","1,593,719","1,661,644","1,979,192","1,908,610","-70,582",-3.60%,246
Lafayette Av ,Brooklyn,"1,638,947","1,617,464","1,631,737","1,639,947","1,621,121","1,631,673","10,552",0.70%,276
Liberty Av ,Brooklyn,"810,031","807,678","858,554","920,826","886,011","839,241","-46,770",-5.30%,374
Livonia Av ,Brooklyn,"934,287","987,560","1,001,522","1,045,593","1,019,591","994,378","-25,213",-2.50%,355
Lorimer St ,Brooklyn,"1,523,986","1,500,980","1,614,154","1,595,826","1,619,602","1,495,068","-124,534",-7.70%,297
Lorimer St ,Brooklyn,"5,040,719","5,090,344","5,238,736","5,156,893","5,010,601","4,821,359","-189,242",-3.80%,94
Marcy Av ,Brooklyn,"3,681,903","3,953,628","4,204,877","4,272,443","4,199,041","4,171,666","-27,375",-0.70%,114
Montrose Av ,Brooklyn,"2,178,772","2,335,128","2,334,271","2,338,095","2,306,046","2,239,760","-66,286",-2.90%,209
Morgan Av ,Brooklyn,"2,373,595","2,513,823","2,453,723","2,614,617","2,594,607","2,465,927","-128,680",-5.00%,190
Myrtle Av ,Brooklyn,"3,562,631","3,523,740","3,687,468","3,764,562","4,213,096","3,789,470","-423,626",-10.10%,127
Myrtle-Willoughby Avs ,Brooklyn,"1,578,243","1,722,392","1,875,988","1,887,369","1,765,653","1,768,122","2,469",0.10%,260
Myrtle-Wyckoff Avs ,Brooklyn,"5,982,615","6,381,800","6,464,630","6,531,453","7,302,376","6,893,183","-409,193",-5.60%,57
Nassau Av ,Brooklyn,"2,653,526","2,760,220","2,916,005","2,851,899","2,765,172","2,880,235","115,063",4.20%,166
Neck Rd ,Brooklyn,"1,218,313","1,232,947","1,305,776","1,336,596","1,379,473","1,366,989","-12,484",-0.90%,312
Neptune Av ,Brooklyn,"523,554","512,828","531,011","513,566","478,754","433,083","-45,671",-9.50%,410
Nevins St ,Brooklyn,"3,477,861","3,580,156","3,310,625","3,220,745","3,271,270","3,215,723","-55,547",-1.70%,154
New Lots Av ,Brooklyn,"1,975,478","2,038,532","2,155,220","2,065,205","1,810,576","1,644,379","-166,197",-9.20%,274
New Lots Av ,Brooklyn,"1,499,902","1,583,983","1,595,607","1,645,273","1,638,839","1,499,170","-139,669",-8.50%,295
New Utrecht Av ,Brooklyn,"1,654,945","1,716,638","1,857,740","1,784,812","1,651,274","1,503,742","-147,532",-8.90%,292
Newkirk Av ,Brooklyn,"2,393,978","2,431,300","2,476,287","2,395,551","2,315,386","2,221,270","-94,116",-4.10%,213
Newkirk Plaza ,Brooklyn,"3,380,559","3,302,958","3,432,907","3,315,748","3,356,199","3,258,207","-97,992",-2.90%,150
Norwood Av ,Brooklyn,"1,095,573","1,145,643","1,159,274","1,146,658","1,065,073","966,728","-98,345",-9.20%,360
Nostrand Av ,Brooklyn,"1,327,377","1,358,826","1,386,067","1,358,853","1,295,175","1,250,715","-44,460",-3.40%,322
Nostrand Av ,Brooklyn,"5,510,841","5,439,806","5,762,163","5,861,658","5,823,419","5,609,408","-214,011",-3.70%,77
Ocean Pkwy ,Brooklyn,"990,091","969,271","1,022,215","1,016,458","1,022,378","1,018,695","-3,683",-0.40%,350
Park Pl ,Brooklyn,"646,934","608,731","602,858","576,122","575,188","537,340","-37,848",-6.60%,407
Parkside Av ,Brooklyn,"1,381,093","1,617,878","1,692,567","1,783,716","1,953,704","1,979,647","25,943",1.30%,240
Pennsylvania Av ,Brooklyn,"1,752,108","1,746,438","2,111,790","753,493","1,054,654","1,279,685","225,031",21.30%,318
President St ,Brooklyn,"1,216,019","1,221,048","1,243,976","1,226,582","1,227,134","1,197,019","-30,115",-2.50%,327
Prospect Av ,Brooklyn,"1,826,064","1,827,271","1,785,990","1,758,711","961,733","1,638,002","676,269",70.30%,275
Prospect Park ,Brooklyn,"3,190,679","3,312,727","3,327,301","3,272,810","3,421,790","3,289,464","-132,326",-3.90%,149
Ralph Av ,Brooklyn,"1,719,602","1,787,157","1,867,793","1,863,036","1,894,817","1,850,375","-44,442",-2.30%,253
Rockaway Av ,Brooklyn,"1,753,354","1,763,824","526,505","1,534,978","1,685,468","1,412,271","-273,197",-16.20%,306
Rockaway Av ,Brooklyn,"1,615,457","1,641,268","1,721,297","1,786,802","1,794,365","1,790,683","-3,682",-0.20%,259
Saratoga Av ,Brooklyn,"1,777,399","1,791,700","2,442,282","1,208,956","1,702,107","1,535,733","-166,374",-9.80%,285
Sheepshead Bay ,Brooklyn,"4,205,275","4,201,776","4,296,566","4,322,837","4,297,325","4,183,545","-113,780",-2.60%,113
Shepherd Av ,Brooklyn,"988,620","1,027,404","1,059,106","1,059,144","1,038,180","990,387","-47,793",-4.60%,357
Smith-9 Sts ,Brooklyn,"926,087","1,539,209","1,636,221","1,533,167","1,484,326","1,466,151","-18,175",-1.20%,300
Sterling St ,Brooklyn,"1,866,122","1,785,975","1,822,524","1,805,238","1,787,994","1,753,125","-34,869",-2.00%,264
Sutter Av ,Brooklyn,"1,449,524","1,499,122","1,453,567","1,435,112","1,394,283","1,246,958","-147,325",-10.60%,323
Sutter Av-Rutland Rd ,Brooklyn,"2,419,794","2,467,381","2,420,464","2,035,027","1,049,559","1,968,448","918,889",87.60%,241
Union St ,Brooklyn,"2,058,555","2,065,047","2,073,096","2,024,863","1,935,724","2,090,848","155,124",8.00%,226
Utica Av ,Brooklyn,"4,726,582","4,878,678","5,060,099","5,152,649","5,271,782","5,195,786","-75,996",-1.40%,81
Van Siclen Av ,Brooklyn,"1,060,055","1,048,755","304,082","1,250,237","1,078,048","854,150","-223,898",-20.80%,372
Van Siclen Av ,Brooklyn,"941,172","967,947","1,019,100","1,017,779","1,026,358","955,230","-71,128",-6.90%,363
Van Siclen Av ,Brooklyn,"913,115","943,663","966,461","983,370","910,042","818,735","-91,307",-10.00%,377
West 8 St-New York Aquarium ,Brooklyn,"702,810","741,345","789,416","795,636","789,104","818,685","29,581",3.70%,378
Wilson Av ,Brooklyn,"1,243,700","1,393,045","1,407,098","1,219,239","1,471,094","1,420,065","-51,029",-3.50%,305
Winthrop St ,Brooklyn,"2,275,444","2,263,671","2,241,716","2,146,809","2,148,162","2,140,028","-8,134",-0.40%,221
York St ,Brooklyn,"2,666,502","2,760,385","2,900,416","3,286,640","3,172,717","3,256,154","83,437",2.60%,151
1 Av ,Manhattan,"7,735,905","8,111,070","7,702,110","7,660,896","7,071,729","6,743,140","-328,589",-4.60%,60
103 St ,Manhattan,"4,427,199","4,199,559","4,258,632","4,290,142","4,114,291","4,072,703","-41,588",-1.00%,115
103 St ,Manhattan,"5,038,138","5,198,601","4,031,201","4,336,922","4,402,069","4,065,523","-336,546",-7.60%,116
103 St ,Manhattan,"1,528,633","1,555,514","1,521,132","1,481,660","1,470,838","1,630,405","159,567",10.80%,277
110 St ,Manhattan,"3,841,826","3,955,522","4,209,449","4,196,711","3,734,660","3,394,176","-340,484",-9.10%,143
116 St ,Manhattan,"3,715,803","3,845,140","3,948,545","3,874,037","3,729,434","3,446,526","-282,908",-7.60%,142
116 St ,Manhattan,"5,347,692","5,370,343","5,324,072","5,336,694","5,066,069","4,683,148","-382,921",-7.60%,99
116 St ,Manhattan,"2,122,084","2,234,662","2,246,138","2,276,196","2,253,473","2,262,578","9,105",0.40%,205
116 St-Columbia University ,Manhattan,"5,044,561","4,917,691","4,846,181","4,797,152","4,586,341","4,528,136","-58,205",-1.30%,103
125 St ,Manhattan,"2,649,847","2,578,729","2,555,321","2,524,125","2,438,960","2,457,157","18,197",0.70%,191
125 St ,Manhattan,"4,917,465","5,103,216","5,121,518","4,989,981","5,054,479","4,727,671","-326,808",-6.50%,98
125 St ,Manhattan,"9,290,210","9,574,765","9,586,567","9,431,163","9,088,393","8,630,430","-457,963",-5.00%,36
125 St ,Manhattan,"8,932,680","9,342,667","9,558,837","9,603,878","9,335,382","9,037,343","-298,039",-3.20%,34
135 St ,Manhattan,"4,672,352","4,932,623","4,949,583","4,867,017","4,768,474","4,506,259","-262,215",-5.50%,104
135 St ,Manhattan,"1,722,204","1,731,602","1,693,561","1,731,460","1,743,984","1,622,552","-121,432",-7.00%,278
137 St-City College ,Manhattan,"4,825,267","4,542,044","4,646,578","4,564,432","4,440,108","4,260,166","-179,942",-4.10%,110
14 St ,Manhattan,"13,903,211","14,340,856","14,763,727","14,572,075","14,153,266","14,324,670","171,404",1.20%,18
14 St ,Manhattan,"15,844,699","16,215,866","16,121,318","16,118,952","15,187,056","15,002,214","-184,842",-1.20%,17
14 St-Union Sq ,Manhattan,"35,309,414","35,677,468","35,320,623","34,289,822","34,557,551","33,124,407","-1,433,144",-4.10%,4
145 St ,Manhattan,"3,274,106","3,364,151","3,338,110","3,328,994","3,208,921","3,062,446","-146,475",-4.60%,162
145 St ,Manhattan,"1,073,259","1,114,674","1,137,484","1,086,105","1,093,045","635,413","-457,632",-41.90%,393
145 St ,Manhattan,"7,432,177","7,778,992","7,923,696","7,949,593","7,714,122","7,434,662","-279,460",-3.60%,50
155 St ,Manhattan,"1,281,168","1,299,098","1,306,282","1,308,981","1,212,240","1,115,948","-96,292",-7.90%,337
155 St ,Manhattan,"822,333","852,716","842,826","881,431","887,427","1,001,262","113,835",12.80%,353
157 St ,Manhattan,"3,458,058","3,481,873","3,516,545","3,542,519","3,488,053","3,514,522","26,469",0.80%,137
163 St-Amsterdam Av,Manhattan,"1,317,493","1,390,615","1,395,260","1,450,668","1,437,340","548,092","-889,248",-61.90%,405
168 St ,Manhattan,"7,884,456","8,090,476","8,009,233","8,217,661","7,945,871","8,150,537","204,666",2.60%,41
175 St ,Manhattan,"4,154,792","4,187,473","4,197,373","4,049,645","4,112,450","3,879,652","-232,798",-5.70%,125
18 St ,Manhattan,"2,585,522","2,622,558","2,676,304","2,687,128","2,594,336","2,683,235","88,899",3.40%,177
181 St ,Manhattan,"3,608,658","3,751,020","3,779,275","3,772,385","3,742,446","3,605,435","-137,011",-3.70%,132
181 St ,Manhattan,"3,309,493","3,456,161","3,628,174","3,459,170","3,453,621","3,368,097","-85,524",-2.50%,145
190 St ,Manhattan,"1,472,564","1,458,911","1,530,460","1,460,194","1,494,996","1,423,142","-71,854",-4.80%,304
191 St ,Manhattan,"2,598,961","2,700,904","2,713,440","2,730,419","2,657,964","2,526,932","-131,032",-4.90%,186
2 Av ,Manhattan,"5,999,079","5,772,265","5,847,710","5,772,537","5,372,036","5,034,358","-337,678",-6.30%,90
207 St ,Manhattan,"1,966,949","2,049,587","2,090,297","2,148,169","2,097,830","2,020,214","-77,616",-3.70%,232
215 St ,Manhattan,"638,224","626,312","615,177","636,441","617,727","553,050","-64,677",-10.50%,402
23 St ,Manhattan,"4,818,903","4,883,773","4,884,678","4,703,374","4,557,216","4,853,909","296,693",6.50%,92
23 St ,Manhattan,"9,200,337","9,033,835","8,627,481","8,539,378","8,265,227","9,035,498","770,271",9.30%,35
23 St ,Manhattan,"7,629,811","7,923,005","7,844,508","7,543,246","7,410,618","7,420,152","9,534",0.10%,51
23 St,Manhattan,"8,446,249","8,678,810","8,942,154","8,989,195","8,636,801","5,099,809","-3,536,992",-41.00%,87
23 St ,Manhattan,"6,905,704","7,348,879","7,965,410","8,151,328","7,651,650","8,155,834","504,184",6.60%,40
28 St ,Manhattan,"4,548,738","4,666,347","4,665,377","4,544,976","4,348,170","4,444,072","95,902",2.20%,108
28 St,Manhattan,"7,076,992","7,107,083","7,214,293","7,161,164","6,836,061","3,525,030","-3,311,031",-48.40%,136
28 St ,Manhattan,"3,520,209","3,796,977","4,083,143","4,205,109","4,065,263","4,445,982","380,719",9.40%,107
3 Av ,Manhattan,"2,310,062","2,473,561","2,386,533","2,449,392","2,319,152","2,204,834","-114,318",-4.90%,214
33 St ,Manhattan,"9,756,409","9,798,598","9,701,723","9,577,123","8,916,102","9,530,273","614,171",6.90%,30
34 St-Herald Square ,Manhattan,"38,213,448","39,285,568","39,541,865","39,000,352","39,672,507","39,111,312","-561,195",-1.40%,3
34 St-Penn Station ,Manhattan,"27,730,331","28,638,643","28,309,160","27,741,367","26,034,238","25,968,950","-65,288",-0.30%,6
34 St-Penn Station ,Manhattan,"25,726,374","26,493,571","26,147,434","25,183,869","24,366,500","24,857,456","490,956",2.00%,7
42 St-Bryant Pk ,Manhattan,"15,527,439","15,896,805","16,220,605","16,934,142","16,594,289","16,056,128","-538,161",-3.20%,15
47-50 Sts-Rockefeller Center ,Manhattan,"17,759,382","18,236,646","18,469,446","18,086,203","17,471,620","17,289,384","-182,236",-1.00%,12
49 St ,Manhattan,"8,155,010","8,544,694","8,029,988","8,754,627","8,626,669","8,394,862","-231,807",-2.70%,37
5 Av-53 St ,Manhattan,"7,298,061","7,543,062","7,597,212","7,240,517","7,111,270","7,748,504","637,234",9.00%,47
5 Av-59 St ,Manhattan,"5,927,685","6,155,019","6,017,047","5,929,715","5,367,130","5,136,918","-230,212",-4.30%,85
50 St ,Manhattan,"8,074,270","8,450,496","8,266,677","8,157,242","7,751,756","8,088,925","337,169",4.30%,43
50 St ,Manhattan,"6,259,935","6,867,521","6,826,275","6,778,797","6,694,422","6,441,984","-252,438",-3.80%,65
57 St ,Manhattan,"4,520,733","4,603,639","4,720,245","4,821,309","4,557,372","2,254,820","-2,302,552",-50.50%,206
57 St-7 Av ,Manhattan,"8,945,751","9,314,649","9,512,090","9,616,547","11,300,097","11,978,164","678,067",6.00%,24
59 St-Columbus Circle ,Manhattan,"22,774,421","23,566,961","23,299,666","23,203,443","22,929,203","22,991,014","61,811",0.30%,8
66 St-Lincoln Center ,Manhattan,"7,527,781","7,772,308","7,790,234","7,606,975","7,002,620","7,196,026","193,406",2.80%,54
68 St-Hunter College ,Manhattan,"10,520,477","10,545,971","10,237,854","10,124,694","6,998,999","6,537,270","-461,729",-6.60%,61
7 Av ,Manhattan,"4,744,808","5,092,341","5,252,615","5,162,589","5,105,535","5,299,531","193,996",3.80%,78
72 St ,Manhattan,"13,456,906","13,375,012","13,341,361","13,257,766","12,749,746","12,879,887","130,141",1.00%,22
72 St ,Manhattan,"2,942,517","3,015,722","2,979,236","2,921,892","2,799,974","1,382,963","-1,417,011",-50.60%,309
77 St ,Manhattan,"11,167,386","11,454,604","11,014,861","10,927,200","8,276,168","7,653,602","-622,566",-7.50%,49
79 St ,Manhattan,"5,438,078","5,601,595","5,534,255","5,371,624","5,102,655","4,990,840","-111,815",-2.20%,91
8 St-New York University ,Manhattan,"5,379,647","5,635,598","5,894,747","6,030,544","5,569,352","5,686,332","116,980",2.10%,75
81 St-Museum of Natural History ,Manhattan,"4,477,625","4,561,347","4,584,041","4,517,912","4,328,599","4,748,083","419,484",9.70%,96
86 St ,Manhattan,"6,333,352","6,519,979","6,464,625","6,359,252","5,988,837","6,139,911","151,074",2.50%,69
86 St ,Manhattan,"20,528,208","20,735,032","20,890,828","20,337,593","14,277,369","13,486,510","-790,859",-5.50%,20
86 St ,Manhattan,"3,408,922","3,515,551","3,474,343","3,478,317","3,177,707","1,734,366","-1,443,341",-45.40%,268
96 St ,Manhattan,"12,582,947","13,108,304","13,008,596","12,700,397","11,948,981","11,702,401","-246,580",-2.10%,25
96 St ,Manhattan,"7,785,646","7,958,453","8,294,978","8,004,488","5,576,058","5,151,742","-424,316",-7.60%,83
96 St ,Manhattan,"2,979,535","3,089,701","3,084,906","3,044,779","2,887,965","2,836,643","-51,322",-1.80%,168
Astor Place ,Manhattan,"5,775,276","5,751,688","5,447,655","5,271,496","5,245,449","5,111,358","-134,091",-2.60%,86
Bowery ,Manhattan,"970,576","1,057,000","1,184,920","1,223,959","1,327,970","1,275,541","-52,429",-3.90%,319
Bowling Green ,Manhattan,"9,081,649","10,261,064","9,153,462","8,870,811","8,234,513","8,251,885","17,372",0.20%,39
Broad St ,Manhattan,"1,436,506","1,662,905","1,834,780","2,064,292","2,056,754","1,967,616","-89,138",-4.30%,242
Broadway-Lafayette St ,Manhattan,"12,560,629","12,913,327","12,666,868","12,405,639","11,956,465","11,414,999","-541,466",-4.50%,26
Brooklyn Bridge-City Hall ,Manhattan,"10,721,984","10,938,927","10,481,576","10,059,080","9,360,484","9,060,206","-300,278",-3.20%,32
Canal St ,Manhattan,"1,787,110","1,859,071","1,830,920","1,801,063","1,756,236","1,884,371","128,135",7.30%,249
Canal St ,Manhattan,"5,922,371","6,013,138","6,011,243","5,753,945","5,932,386","6,160,037","227,651",3.80%,68
Canal St ,Manhattan,"15,227,139","15,104,077","15,094,135","15,274,896","16,285,516","15,995,877","-289,639",-1.80%,16
Cathedral Pkwy-110 St ,Manhattan,"4,557,743","4,301,285","4,280,482","4,160,302","3,947,489","4,013,259","65,770",1.70%,118
Cathedral Pkwy-110 St,Manhattan,"2,301,545","2,351,549","2,376,166","2,354,421","2,377,135","1,168,203","-1,208,932",-50.90%,329
Central Park North-110 St ,Manhattan,"2,932,790","3,110,140","3,188,551","3,147,750","2,963,206","2,823,756","-139,450",-4.70%,169
Chambers St ,Manhattan,"6,755,281","6,973,674","7,054,771","6,948,976","6,459,435","6,108,641","-350,794",-5.40%,70
Chambers St ,Manhattan,"17,242,942","17,589,023","19,623,616","20,349,660","20,927,141","21,636,146","709,005",3.40%,9
Christopher St-Sheridan Sq ,Manhattan,"3,433,544","3,480,159","3,363,949","3,307,136","3,193,169","3,312,074","118,905",3.70%,148
City Hall ,Manhattan,"1,560,414","1,151,646","1,828,806","1,977,733","2,258,254","1,920,070","-338,184",-15.00%,244
Delancey St ,Manhattan,"7,759,914","7,909,365","8,226,975","8,458,101","8,128,719","7,922,586","-206,133",-2.50%,45
Dyckman St ,Manhattan,"2,094,538","2,298,848","2,317,843","2,410,021","2,329,753","2,263,932","-65,821",-2.80%,204
Dyckman St ,Manhattan,"2,112,706","2,158,170","2,244,154","2,135,271","2,165,366","2,037,425","-127,941",-5.90%,230
East Broadway ,Manhattan,"4,208,654","4,379,909","4,576,662","4,752,739","4,458,909","4,216,327","-242,582",-5.40%,112
Franklin St ,Manhattan,"1,703,889","1,745,841","1,731,354","1,782,203","1,700,180","1,757,424","57,244",3.40%,262
Fulton St ,Manhattan,"18,721,694","20,102,397","21,671,684","25,162,937","26,838,473","27,719,115","880,642",3.30%,5
Grand Central-42 St ,Manhattan,"44,893,301","46,074,652","46,737,564","46,121,509","44,928,488","45,207,849","279,361",0.60%,2
Grand St ,Manhattan,"7,994,060","8,131,543","8,010,864","7,942,505","7,653,408","7,187,070","-466,338",-6.10%,55
Harlem-148 St ,Manhattan,"1,171,372","1,209,633","1,269,910","1,220,407","1,209,846","1,232,448","22,602",1.90%,325
Houston St ,Manhattan,"4,510,538","4,562,690","4,377,409","4,375,993","4,326,280","4,488,886","162,606",3.80%,106
Inwood-207 St ,Manhattan,"2,897,438","2,981,271","3,068,931","2,904,915","2,954,523","2,796,626","-157,897",-5.30%,172
Lexington Av ,Manhattan,"21,282,767","21,557,198","21,407,792","21,000,635","17,888,188","16,955,204","-932,984",-5.20%,14
Lexington Av-53 St ,Manhattan,"20,262,110","20,513,370","20,479,923","19,929,405","18,940,774","18,585,755","-355,019",-1.90%,10
Lexington Av-63 St ,Manhattan,"4,462,467","4,479,963","4,718,159","5,033,950","6,389,408","6,506,078","116,670",1.80%,63
Marble Hill-225 St ,Manhattan,"1,725,406","1,846,582","1,809,998","1,777,035","1,726,646","1,686,237","-40,409",-2.30%,269
Prince St ,Manhattan,"5,209,433","5,311,765","5,386,641","5,314,922","4,990,346","5,142,727","152,381",3.10%,84
Rector St ,Manhattan,"3,398,383","3,393,420","3,042,815","2,805,381","2,861,772","2,764,454","-97,318",-3.40%,175
Rector St ,Manhattan,"1,524,110","1,116,833","1,896,968","2,038,348","2,213,971","2,154,295","-59,676",-2.70%,218
Roosevelt Island ,Manhattan,"1,948,925","1,870,476","1,966,493","2,110,471","2,361,627","2,269,432","-92,195",-3.90%,202
South Ferry ,Manhattan,"6,192,660","7,116,897","8,750,364","9,009,136","10,205,836","10,275,268","69,432",0.70%,29
Spring St ,Manhattan,"4,123,703","4,169,799","3,804,403","3,792,870","3,701,740","3,654,673","-47,067",-1.30%,130
Spring St ,Manhattan,"3,874,428","3,965,206","3,782,314","3,744,702","3,637,863","3,853,792","215,929",5.90%,126
Times Sq-42 St ,Manhattan,"63,617,614","65,948,730","66,359,208","64,531,511","64,815,739","65,060,656","244,917",0.40%,1
Wall St ,Manhattan,"7,473,489","7,845,023","7,650,853","7,689,447","6,935,020","6,452,733","-482,287",-7.00%,64
Wall St ,Manhattan,"7,231,884","7,437,325","6,708,745","6,148,384","5,704,122","5,646,207","-57,915",-1.00%,76
West 4 St-Washington Sq ,Manhattan,"13,533,369","13,942,101","14,147,148","13,955,067","13,849,130","13,446,383","-402,747",-2.90%,21
103 St-Corona Plaza ,Queens,"6,314,870","6,464,627","6,527,196","6,504,644","6,498,237","6,319,564","-178,673",-2.70%,66
104 St ,Queens,"516,000","388,144","538,400","626,547","560,309","548,871","-11,438",-2.00%,404
104 St ,Queens,"779,537","827,890","841,545","850,903","502,541","456,765","-45,776",-9.10%,409
111 St ,Queens,"3,607,926","3,659,225","3,699,843","3,753,756","3,721,445","3,608,389","-113,056",-3.00%,131
111 St ,Queens,"795,820","802,831","767,647","561,857","748,813","762,641","13,828",1.80%,383
111 St ,Queens,"780,300","802,275","812,055","805,255","948,885","801,639","-147,246",-15.50%,379
121 St ,Queens,"688,985","766,469","788,674","794,687","337,075","391,696","54,621",16.20%,412
169 St ,Queens,"2,834,112","2,854,274","2,858,542","2,787,763","2,629,975","2,497,336","-132,639",-5.00%,188
21 St ,Queens,"422,616","427,353","533,529","580,065","598,061","550,464","-47,597",-8.00%,403
21 St-Queensbridge ,Queens,"2,631,860","2,683,624","2,884,831","3,009,540","3,157,675","3,340,366","182,691",5.80%,146
30 Av ,Queens,"4,776,709","4,808,350","4,745,260","4,694,548","3,437,709","2,373,721","-1,063,988",-31.00%,197
33 St-Rawson St ,Queens,"3,899,003","3,892,589","3,712,153","3,636,632","3,402,610","3,031,465","-371,145",-10.90%,164
36 Av ,Queens,"2,462,645","2,439,630","2,394,564","2,343,925","1,677,211","1,446,827","-230,384",-13.70%,302
36 St ,Queens,"1,278,109","1,307,054","1,339,754","1,355,271","1,362,430","1,513,330","150,900",11.10%,289
39 Av- Dutch Kills ,Queens,"1,012,381","1,104,375","1,072,026","1,016,809","979,103","665,750","-313,353",-32.00%,390
40 St-Lowery St ,Queens,"3,483,507","3,496,675","3,421,569","3,399,567","3,261,769","3,048,104","-213,665",-6.60%,163
46 St ,Queens,"3,014,082","3,021,219","2,956,981","2,904,517","2,781,811","2,711,011","-70,800",-2.50%,176
46 St-Bliss St ,Queens,"4,734,334","4,695,672","4,593,351","4,541,003","4,303,987","4,058,815","-245,172",-5.70%,117
52 St ,Queens,"2,182,725","2,214,115","2,177,884","2,131,770","2,027,659","1,883,246","-144,413",-7.10%,250
63 Dr-Rego Park ,Queens,"5,129,203","5,272,014","5,244,226","5,219,811","4,991,559","4,769,745","-221,814",-4.40%,95
65 St ,Queens,"1,124,823","1,159,576","1,192,281","1,183,534","1,120,703","1,129,031","8,328",0.70%,336
67 Av ,Queens,"2,818,350","2,851,905","2,853,794","2,807,769","2,695,321","2,592,645","-102,676",-3.80%,181
69 St ,Queens,"1,671,584","1,685,222","1,629,526","1,643,806","1,602,770","1,510,410","-92,360",-5.80%,290
74-Bway ,Queens,"16,864,938","17,087,795","17,224,537","17,301,839","17,095,073","16,994,358","-100,715",-0.60%,13
75 Av ,Queens,"1,155,836","1,131,705","1,136,305","1,102,600","994,127","1,019,978","25,851",2.60%,349
75 St-Elderts Ln ,Queens,"1,138,544","1,172,162","1,196,186","1,187,714","1,069,608","992,267","-77,341",-7.20%,356
80 St ,Queens,"1,310,413","1,507,116","1,465,264","1,098,234","1,346,296","1,332,047","-14,249",-1.10%,315
82 St-Jackson Hts ,Queens,"5,139,172","5,172,595","5,128,506","5,089,971","5,018,542","4,741,470","-277,072",-5.50%,97
85 St-Forest Pkwy ,Queens,"1,157,863","1,212,661","1,239,793","1,237,770","1,156,600","1,063,133","-93,467",-8.10%,342
88 St ,Queens,"808,822","613,296","1,011,163","952,251","880,776","855,851","-24,925",-2.80%,371
90 St-Elmhurst Av ,Queens,"5,513,135","5,480,059","5,489,630","5,471,961","5,460,868","5,245,160","-215,708",-4.00%,80
Aqueduct Racetrack ,Queens,"213,601","630,644","672,734","676,971","641,464","732,091","90,627",14.10%,385
Aqueduct-North Conduit Av ,Queens,"698,115","357,399","365,488","342,494","309,029","276,067","-32,962",-10.70%,417
Astoria Blvd ,Queens,"3,962,838","3,914,637","3,926,062","3,894,399","3,988,480","4,226,298","237,818",6.00%,111
Astoria-Ditmars Blvd ,Queens,"5,405,084","5,416,919","5,407,027","5,429,314","5,031,462","4,543,854","-487,608",-9.70%,102
Beach 105 St ,Queens,"48,916","82,980","99,254","95,469","97,654","92,852","-4,802",-4.90%,423
Beach 25 St ,Queens,"267,585","519,843","570,312","601,116","582,975","543,839","-39,136",-6.70%,406
Beach 36 St ,Queens,"143,400","272,799","296,860","305,816","298,395","275,165","-23,230",-7.80%,418
Beach 44 St ,Queens,"91,331","181,758","197,543","212,440","214,473","216,609","2,136",1.00%,420
Beach 60 St ,Queens,"406,698","772,376","801,015","794,595","726,189","630,038","-96,151",-13.20%,394
Beach 67 St-Arverne By The Sea ,Queens,"357,807","701,784","799,134","811,248","792,444","669,421","-123,023",-15.50%,388
Beach 90 St ,Queens,"194,416","306,284","333,006","335,515","411,887","382,766","-29,121",-7.10%,413
Beach 98 St ,Queens,"100,594","200,197","214,040","203,795","180,588","154,620","-25,968",-14.40%,422
Briarwood-Van Wyck Blvd ,Queens,"1,427,813","1,427,017","1,479,278","1,515,926","1,489,396","1,462,744","-26,652",-1.80%,301
Broad Channel ,Queens,"36,849","74,386","91,766","91,208","87,774","82,248","-5,526",-6.30%,424
Broadway ,Queens,"4,325,297","4,407,347","4,300,632","4,189,306","4,060,805","2,436,810","-1,623,995",-40.00%,194
Court Sq ,Queens,"6,072,768","6,664,442","6,730,837","6,809,217","7,003,218","7,218,939","215,721",3.10%,53
Elmhurst Av ,Queens,"4,343,633","4,362,316","4,350,714","4,268,747","4,039,686","3,898,046","-141,640",-3.50%,123
Far Rockaway-Mott Av ,Queens,"806,025","1,486,147","1,576,988","1,572,694","1,472,005","1,376,087","-95,918",-6.50%,310
Flushing-Main St ,Queens,"19,102,434","19,085,948","19,082,391","19,257,879","18,746,832","17,799,862","-946,970",-5.10%,11
Forest Av ,Queens,"1,179,301","1,235,376","1,317,289","1,316,296","796,742","927,801","131,059",16.40%,367
Forest Hills-71 Av ,Queens,"8,573,480","8,585,239","8,654,547","8,581,096","8,748,221","8,115,385","-632,836",-7.20%,42
Fresh Pond Rd ,Queens,"1,534,754","1,676,862","1,806,429","1,831,889","1,198,376","1,400,512","202,136",16.90%,308
Grand Av-Newtown ,Queens,"5,832,568","5,861,823","5,995,764","6,057,028","5,792,378","5,713,827","-78,551",-1.40%,74
Howard Beach-JFK Airport ,Queens,"1,626,984","963,503","1,041,816","1,012,067","1,123,405","1,154,695","31,290",2.80%,331
Hunters Point Av ,Queens,"1,710,103","1,791,109","1,848,769","1,994,002","1,999,970","1,932,478","-67,492",-3.40%,243
Jamaica Center-Parsons-Archer ,Queens,"12,507,906","12,784,635","12,622,977","12,470,914","11,604,228","10,681,269","-922,959",-8.00%,27
Jamaica-179 St ,Queens,"6,868,439","6,818,494","6,898,938","6,783,119","6,463,698","6,270,766","-192,932",-3.00%,67
Jamaica-Van Wyck ,Queens,"1,565,998","1,587,413","1,545,016","1,536,716","1,555,962","1,502,672","-53,290",-3.40%,294
Junction Blvd ,Queens,"6,816,700","6,946,966","7,064,435","7,249,912","7,084,849","6,896,657","-188,192",-2.70%,56
Kew Gardens-Union Turnpike ,Queens,"8,609,185","8,363,109","8,354,731","8,109,611","7,811,007","7,680,149","-130,858",-1.70%,48
Mets-Willets Point ,Queens,"1,902,121","1,875,472","2,120,859","2,004,343","1,873,789","1,756,825","-116,964",-6.20%,263
Middle Village-Metropolitan Av ,Queens,"1,200,171","1,300,110","1,361,246","1,365,048","875,782","954,875","79,093",9.00%,364
Northern Blvd ,Queens,"2,239,136","2,290,836","2,282,296","2,264,100","2,140,551","2,097,374","-43,177",-2.00%,224
Ozone Park-Lefferts Blvd ,Queens,"2,262,961","2,263,109","2,224,331","2,351,557","2,306,419","2,296,755","-9,664",-0.40%,201
Parsons Blvd ,Queens,"2,035,948","2,052,252","2,094,007","2,063,042","1,998,650","2,003,517","4,867",0.20%,233
Queens Plaza ,Queens,"2,855,006","3,005,223","3,101,888","3,124,028","3,374,948","3,886,574","511,626",15.20%,124
Queensboro Plaza ,Queens,"3,569,290","3,785,260","3,773,168","4,105,500","4,566,287","5,079,051","512,764",11.20%,88
Rockaway Blvd ,Queens,"2,637,100","2,575,171","1,729,268","2,382,252","2,371,645","2,336,304","-35,341",-1.50%,198
Rockaway Park-Beach 116 St ,Queens,"135,956","231,407","255,542","250,220","235,691","240,483","4,792",2.00%,419
Seneca Av ,Queens,"711,011","755,026","842,069","854,251","454,373","565,714","111,341",24.50%,400
Steinway St ,Queens,"4,798,179","4,807,448","4,779,346","4,703,321","4,733,777","5,075,623","341,846",7.20%,89
Sutphin Blvd ,Queens,"1,550,363","1,468,419","1,506,607","1,414,334","1,338,831","1,303,795","-35,036",-2.60%,317
Sutphin Blvd-Archer Av-JFK Airport ,Queens,"7,303,038","7,633,725","7,767,728","7,904,869","7,457,153","7,282,128","-175,025",-2.30%,52
Vernon Blvd-Jackson Av ,Queens,"3,726,974","4,169,876","4,462,652","4,877,185","4,821,191","4,493,326","-327,865",-6.80%,105
Woodhaven Blvd ,Staten Island,"1,398,536","1,505,920","1,551,590","1,513,298","1,512,676","1,370,889","-141,787",-9.40%,311
Woodhaven Blvd ,Staten Island,"7,157,254","7,125,205","7,120,037","7,144,921","6,871,409","6,509,386","-362,023",-5.30%,62
Woodside-61 St ,Staten Island,"5,330,760","5,356,621","5,432,682","5,511,564","5,457,171","5,282,486","-174,685",-3.20%,79
